<?xml version="1.0" encoding="UTF-8"?>
<odoo noupdate="1">

        <record id="email_template_stock_picking" model="mail.template">
            <field name="name">Stock Picking - Send by Email</field>
            <field name="email_from">${(ctx['user_id'].email or '')|safe}</field>
            <field name="subject">${object.company_id.name|safe} Picking (Ref ${object.name or 'n/a' })</field>
            <field name="partner_to">${object.partner_id.id}</field>
            <field name="model_id" ref="stock.model_stock_picking"/>
            <field name="auto_delete" eval="True"/>
            <field name="report_template" ref="stock.action_report_picking"/>
            <field name="report_name">${(object.name or '').replace('/','_')}</field>
            <field name="lang">${object.partner_id.lang}</field>
            <field name="body_html"><![CDATA[
<div style="font-family: 'Lucida Grande', Ubuntu, Arial, Verdana, sans-serif; font-size: 12px; color: rgb(34, 34, 34); background-color: #FFF; ">

    <p>Hello ${object.partner_id.name},</p>

    <p>Here is your picking from ${object.company_id.name}: </p>

    <p style="border-left: 1px solid #8e0000; margin-left: 30px;">
       &nbsp;&nbsp;<strong>REFERENCES</strong><br />
       &nbsp;&nbsp;Picking number: <strong>${object.name}</strong><br />
       &nbsp;&nbsp;Picking date: ${format_tz(object.date, tz=user.tz, context={'lang':object.partner_id.lang})} <br />
       % if object.origin:
           &nbsp;&nbsp;Picking reference: ${object.origin}<br />
       % endif
       % if object.user_id:
           &nbsp;&nbsp;Your contact: <a href="mailto:${object.user_id.email or ''}?subject=Picking%20${object.name}">${object.user_id.name}</a>
       % endif
    </p>
    <p>If you have any question, do not hesitate to contact us.</p>
    <p>Thank you for choosing ${object.company_id.name or 'us'}!</p>
    <br/>
    <br/>
    <div style="width: 375px; margin: 0px; padding: 0px; background-color: #8E0000; border-top-left-radius: 5px 5px; border-top-right-radius: 5px 5px; background-repeat: repeat no-repeat;">
        <h3 style="margin: 0px; padding: 2px 14px; font-size: 12px; color: #DDD;">
            <strong style="text-transform:uppercase;">${object.company_id.name}</strong></h3>
    </div>
    <div style="width: 347px; margin: 0px; padding: 5px 14px; line-height: 16px; background-color: #F2F2F2;">
        <span style="color: #222; margin-bottom: 5px; display: block; ">
        % if object.company_id.street:
            ${object.company_id.street}<br/>
        % endif
        % if object.company_id.street2:
            ${object.company_id.street2}<br/>
        % endif
        % if object.company_id.city or object.company_id.zip:
            ${object.company_id.zip} ${object.company_id.city}<br/>
        % endif
        % if object.company_id.country_id:
            ${object.company_id.state_id and ('%s, ' % object.company_id.state_id.name) or ''} ${object.company_id.country_id.name or ''}<br/>
        % endif
        </span>
        % if object.company_id.phone:
            <div style="margin-top: 0px; margin-right: 0px; margin-bottom: 0px; margin-left: 0px; padding-top: 0px; padding-right: 0px; padding-bottom: 0px; padding-left: 0px; ">
                Phone:&nbsp; ${object.company_id.phone}
            </div>
        % endif
        % if object.company_id.website:
            <div>
                Web :&nbsp;<a href="${object.company_id.website}">${object.company_id.website}</a>
            </div>
        %endif
        <p></p>
    </div>
</div>
            ]]></field>
        </record>

</odoo>
