<?xml version="1.0" encoding="utf-8"?>
<odoo noupdate="1">

    <record id="ir_cron_check_assign_all" model="ir.cron">
        <field name="name">Check Availability of Stock Picking</field>
        <field name="interval_number">1</field>
        <field name="interval_type">hours</field>
        <field name="numbercall">-1</field>
        <field eval="False" name="doall"/>
        <field eval="False" name="active"/>
        <field name="model_id" ref="stock.model_stock_picking" />
        <field name="code">model.check_assign_all()</field>
    </record>

</odoo>
